test_season,player_name,position,recent_team,fantasy_points,dropoff_probability
2012,C.McCoy,QB,CLE,8.66,0.7062653695135469
2012,M.Moore,QB,MIA,8.94,0.7065692990528423
2013,B.Weeden,QB,CLE,89.64,0.7211660394104976
2013,D.Martin,RB,TB,58.2,0.7623289489589061
2013,M.Crabtree,WR,SF,34.4,0.7129305375030676
2013,S.Bradford,QB,LA,118.58,0.7468353729567662
2014,A.Dobson,WR,NE,3.8000000000000003,0.7686950542157249
2014,C.Henne,QB,JAX,30.18,0.8132665189004636
2014,C.Palmer,QB,ARI,103.54,0.7184785078826619
2014,D.Woodhead,RB,LAC,7.199999999999999,0.7158213913856144
2014,E.Manuel,QB,BUF,58.72,0.8170198645271239
2014,J.Gordon,WR,CLE,30.3,0.7545589814219675
2014,M.Glennon,QB,TB,89.58,0.813902199009828
2014,N.Foles,QB,PHI,119.32000000000001,0.7904138561506191
2014,R.Streater,WR,LV,14.4,0.7869792557626706
2015,A.Davis,QB,CLE,19.18,0.8088724065399187
2015,A.Ellington,RB,ARI,59.7,0.7727083495528738
2015,A.Jeffery,WR,CHI,104.7,0.7171346400519204
2015,A.Luck,QB,IND,130.84,0.7792410585422622
2015,B.Oliver,RB,LAC,22.0,0.8309128019012345
2015,B.Rainey,RB,TB,3.4,0.7390446291191596
2015,D.Bryant,WR,DAL,58.1,0.7579178948564115
2015,D.Stanton,QB,ARI,-1.1400000000000001,0.8452030296204518
2015,J.Flacco,QB,BAL,161.94,0.778123555181597
2015,J.Hunter,WR,TEN,32.4,0.7772431837889796
2015,K.Clemens,QB,LAC,6.42,0.7952760937862249
2015,K.Davis,RB,KC,15.6,0.7871126431401394
2015,L.Bell,RB,PIT,87.2,0.7936972658239315
2015,L.Donnell,TE,NYG,34.3,0.7996448725368888
2015,L.Taliaferro,RB,BAL,13.6,0.8056586443918637
2015,M.Bennett,TE,CHI,61.9,0.7266104637080799
2015,M.Lynch,RB,SEA,69.7,0.7945477495167325
2015,M.McGloin,QB,LV,9.68,0.8333096447901501
2015,T.Pryor,WR,CLE,4.1000000000000005,0.7757742358810757
2016,A.Abdullah,RB,DET,21.8,0.8122000574517623
2016,A.Green,WR,CIN,120.4,0.7710796364715884
2016,A.Peterson,RB,MIN,6.0,0.8040043433164046
2016,A.Seferian-Jenkins,TE,TB,21.4,0.8234280480394359
2016,B.Gabbert,QB,SF,72.7,0.9020817065163397
2016,B.Hoyer,QB,CHI,79.60000000000001,0.8389738694910001
2016,C.Anderson,RB,DEN,86.5,0.7208992509696242
2016,C.Gillmore,TE,BAL,13.100000000000001,0.8699283519816828
2016,C.Sims,RB,TB,43.9,0.8623980910608339
2016,D.Martin,RB,TB,71.5,0.7667460135074942
2016,D.McFadden,RB,DAL,10.4,0.7960038133769749
2016,D.Moncrief,WR,IND,72.6,0.8543392768219298
2016,D.Woodhead,RB,LAC,21.1,0.8609279108006469
2016,E.Decker,WR,NYJ,31.400000000000002,0.8352546069124277
2016,E.Lacy,RB,GB,38.8,0.745889969019131
2016,G.Bernard,RB,CIN,83.3,0.7223987244947828
2016,G.Smith,QB,NYJ,7.9399999999999995,0.7784614141190765
2016,H.Douglas,WR,TEN,21.0,0.762791438008684
2016,J.Butler,WR,LAC,1.1,0.7739853176022035
2016,J.Cutler,QB,CHI,46.76,0.8468038319918714
2016,J.Grimes,RB,HOU,19.9,0.8422581874684493
2016,J.Huff,WR,PHI,24.8,0.8140445656287565
2016,J.Langford,RB,CHI,54.2,0.7290568358375205
2016,J.Matthews,TE,PHI,98.4,0.7328887976504483
2016,J.McCown,QB,CLE,52.1,0.7722420415880318
2016,J.Reed,TE,WAS,102.6,0.726297389827742
2016,J.Strong,WR,HOU,13.1,0.7628532627136374
2016,M.Reece,FB,SEA,9.3,0.7795562603195814
2016,M.Wheaton,WR,PIT,13.1,0.8915516390289424
2016,M.Wilson,WR,CHI,22.0,0.8445201030866714
2016,N.Foles,QB,KC,28.0,0.79454705542364
2016,N.Paul,TE,WAS,2.7,0.8683898904432212
2016,N.Williams,WR,ATL,5.9,0.788650677673978
2016,R.Greene,WR,JAX,3.2,0.788650677673978
2016,R.Gronkowski,TE,NE,72.0,0.7636926236562429
2016,R.Hillman,RB,MIN,22.4,0.7755828668312583
2016,R.Mallett,QB,BAL,-1.56,0.8333098249558187
2016,R.Rodgers,TE,GB,39.1,0.7319050028774492
2016,S.McGrath,TE,LAC,2.5,0.7954703249279951
2016,S.Vereen,RB,NYG,27.2,0.8002132275088482
2016,S.Watkins,WR,BUF,55.0,0.8251706825982721
2016,T.Eifert,TE,CIN,69.4,0.835930433648799
2016,T.Lewis,WR,NO,8.700000000000001,0.8094117814963633
2016,T.Rawls,RB,SEA,62.5,0.8409393293274958
2017,A.McCarron,QB,CIN,2.6399999999999997,0.9019808019433126
2017,A.Rodgers,QB,GB,129.6,0.7420750694190344
2017,B.Koyack,TE,JAX,5.8,0.7251319627743823
2017,B.Osweiler,QB,DEN,67.92,0.8592953089383413
2017,B.Petty,QB,NYJ,25.259999999999998,0.7448339649763522
2017,B.Quick,WR,WAS,7.6,0.8678975536188269
2017,C.Coleman,WR,CLE,42.5,0.8585725828724854
2017,C.Conley,WR,KC,17.5,0.8371022601575463
2017,C.Core,WR,CIN,0.0,0.738519055091342
2017,C.Fiedorowicz,TE,HOU,12.7,0.9040041634762045
2017,C.Hamilton,WR,HOU,0.8,0.8065545186880937
2017,C.Kessler,QB,CLE,2.9400000000000004,0.9302399227834048
2017,C.Matthews,WR,BAL,2.5,0.704283621368328
2017,C.Palmer,QB,ARI,102.32000000000001,0.8090268056043866
2017,C.Prosise,RB,SEA,11.000000000000002,0.8067944963597036
2017,C.Walford,TE,LV,8.0,0.8997904533815579
2017,D.Booker,RB,DEN,61.400000000000006,0.7032381427882585
2017,D.Inman,WR,LAC,40.3,0.8480941454436379
2017,D.Sproles,RB,PHI,13.4,0.8354114686028999
2017,E.Elliott,RB,DAL,177.2,0.8449262933211378
2017,E.Rogers,WR,PIT,20.9,0.7129926835220383
2017,F.Whittaker,RB,CAR,12.500000000000002,0.798267537914674
2017,G.Olsen,TE,CAR,25.1,0.8062741921577331
2017,J.Hunter,WR,PIT,8.3,0.7021216835470976
2017,J.Janis,WR,GB,1.2,0.7406580288626685
2017,J.Kerley,WR,NYJ,25.7,0.7873237960356871
2017,J.Olawale,FB,LV,13.6,0.8003491676273817
2017,J.Reed,TE,WAS,33.099999999999994,0.808631843001976
2017,L.Jones,QB,PIT,8.56,0.7790055007272879
2017,L.Toilolo,TE,ATL,18.2,0.8042722721950972
2017,M.Bennett,TE,GB,28.6,0.7474254805236289
2017,M.Gillislee,RB,NE,67.8,0.7917767417642597
2017,M.Glennon,QB,CHI,33.72,0.8226949060272285
2017,M.Moore,QB,MIA,41.34,0.750882412143572
2017,O.Beckham,WR,NYG,49.0,0.8150187718491415
2017,P.Dorsett,WR,NE,20.1,0.7586251370416859
2017,P.Garcon,WR,SF,50.0,0.7907764200815339
2017,P.Lynch,QB,DEN,14.8,0.7391431423931384
2017,P.Perkins,RB,NYG,13.6,0.8521549252206596
2017,R.Fitzpatrick,QB,TB,73.92,0.715511108872367
2017,R.Griffin,TE,HOU,23.8,0.7474069520877226
2017,R.Kelley,RB,WAS,39.2,0.9133295419201378
2017,R.Turbin,RB,IND,16.9,0.8657946090073567
2017,S.Bradford,QB,MIN,26.98,0.8673131757242127
2017,S.Coates,WR,CLE,7.0,0.8617132978230967
2017,S.Shepard,WR,NYG,85.5,0.7383431450874315
2017,T.Cadet,RB,NYJ,21.5,0.8049558279597538
2017,T.Eifert,TE,CIN,4.6000000000000005,0.8231208946576225
2017,T.McEvoy,WR,SEA,7.3,0.7226909723773045
2017,T.Montgomery,WR,GB,68.6,0.880734221078212
2017,T.Pryor,WR,WAS,30.0,0.7921985726676678
2017,T.Siemian,QB,DEN,126.1,0.7544174909690612
2017,T.West,RB,BAL,26.1,0.9200124404732913
2017,T.Yeldon,RB,JAX,57.699999999999996,0.7274344034789131
2017,V.McDonald,TE,PIT,24.8,0.7345211528664067
2017,W.Snead,WR,NO,9.2,0.8702874157705845
2017,W.Tye,TE,NYJ,3.8,0.8063207163916012
2017,Z.Miller,TE,CHI,35.6,0.8029234024480263
2017,Z.Zenner,RB,DET,8.6,0.8656826874501325
2018,A.Abdullah,RB,DET,2.9,0.8751167001077751
2018,A.Collins,RB,BAL,93.6,0.8082759485126494
2018,A.Derby,TE,MIA,10.8,0.7936515253449192
2018,A.Green,WR,CIN,103.39999999999999,0.7860716487335024
2018,A.Seferian-Jenkins,TE,JAX,15.0,0.840421647192957
2018,A.Shaheen,TE,CHI,12.8,0.7379140951038023
2018,B.Butler,WR,DAL,12.0,0.8620120476440202
2018,B.Ellington,WR,HOU,28.599999999999998,0.8516329942505433
2018,B.Fowler,WR,NYG,25.9,0.7400274535404685
2018,B.LaFell,WR,LV,25.5,0.8049669164290275
2018,C.Anderson,RB,CAR,62.4,0.738745336525556
2018,C.Clement,RB,PHI,59.1,0.7325007205950922
2018,C.Coleman,WR,NYG,7.6,0.809348377660377
2018,C.Grant,RB,JAX,10.7,0.7997372478077596
2018,C.Latimer,WR,NYG,25.0,0.8549840566133123
2018,C.McCoy,QB,WAS,27.18,0.798391239928883
2018,C.Meredith,WR,NO,15.399999999999999,0.8779983564688778
2018,C.Thompson,RB,WAS,50.6,0.8216423506290513
2018,C.Wentz,QB,PHI,192.66,0.7119722509969609
2018,D.Freeman,RB,ATL,9.1,0.8103595583901227
2018,D.Funchess,TE,CAR,78.9,0.7135098159311578
2018,D.Kizer,QB,GB,5.38,0.8307244698796882
2018,E.Swoope,TE,IND,26.7,0.8215177627929734
2018,G.Celek,TE,SF,21.0,0.87804640161005
2018,J.Ajayi,RB,PHI,38.4,0.8134555730669265
2018,J.Brissett,QB,IND,-0.62,0.847305570657938
2018,J.Crowder,WR,WAS,53.8,0.7272673401625931
2018,J.Doyle,TE,IND,34.5,0.8717414945790105
2018,J.Flacco,QB,BAL,137.1,0.7394122765394173
2018,J.Garoppolo,QB,SF,48.019999999999996,0.778559942584497
2018,J.Gresham,TE,ARI,7.4,0.7166716582514364
2018,J.Hardy,WR,ATL,25.299999999999997,0.705041106307638
2018,J.Kearse,WR,NYJ,43.1,0.7334708604437857
2018,J.McCown,QB,NYJ,20.759999999999998,0.8699201477570796
2018,J.McKissic,RB,SEA,0.8,0.7882420574804443
2018,J.Stewart,RB,NYG,1.7000000000000002,0.8156969523772714
2018,K.Dixon,RB,BAL,48.4,0.8685704030933904
2018,L.Fournette,RB,JAX,98.4,0.8233760290750988
2018,M.Bryant,WR,LV,26.9,0.8067872439800341
2018,M.Gillislee,RB,NO,3.2,0.7588173456602425
2018,M.Goodwin,WR,SF,64.4,0.7809039370399893
2018,M.Ingram,RB,NO,121.5,0.7302622858418663
2018,M.Jones,WR,DET,80.8,0.7376550684051844
2018,M.Lewis,TE,GB,3.9,0.7986955275331036
2018,M.Lynch,RB,LV,64.0,0.7983362617714123
2018,N.O'Leary,TE,MIA,14.6,0.834143510013931
2018,P.Richardson,WR,WAS,39.1,0.8792617141337625
2018,Q.Enunwa,WR,NYJ,48.9,0.7818157883465774
2018,R.Burkhead,RB,NE,35.7,0.8542416511333673
2018,R.Chosen,WR,NYJ,106.4,0.7069084389075831
2018,R.Matthews,WR,TEN,2.4,0.8143148877018276
2018,S.DeValve,TE,CLE,13.4,0.8718133785986685
2018,S.Perine,RB,WAS,3.7,0.8335625412567644
2018,S.Ware,RB,KC,59.0,0.7668019395271554
2018,T.Bridgewater,QB,NO,7.22,0.7760119586049281
2018,T.Ginn,WR,NO,35.5,0.8183823155996802
2018,T.Kroft,TE,CIN,3.6,0.8794086376174647
2019,A.Callaway,WR,CLE,8.9,0.8589903657892363
2019,A.Carr,WR,NO,0.9,0.745243342797393
2019,A.Humphries,WR,TEN,49.5,0.7627291447579547
2019,A.Jeffery,WR,PHI,79.2,0.7340225912088002
2019,A.Thielen,WR,MIN,84.4,0.8042754197936786
2019,B.Bortles,QB,LA,-0.78,0.7316363136071513
2019,B.Hundley,QB,ARI,6.06,0.8503543854499525
2019,B.Roethlisberger,QB,PIT,12.74,0.84595540168068
2019,C.Anderson,RB,DET,4.3,0.7422647918530452
2019,C.Hogan,WR,CAR,6.7,0.7832573642924342
2019,C.Moore,WR,BAL,2.1,0.7060213621684377
2019,C.Newton,QB,CAR,16.68,0.7322921328238824
2019,C.Rogers,WR,IND,31.7,0.794514105414158
2019,D.Adams,WR,GB,129.7,0.7003759919107894
2019,D.Booker,RB,DEN,6.6,0.7960481706658884
2019,D.Jackson,WR,PHI,27.9,0.7834571290752729
2019,D.Moncrief,WR,PIT,1.8,0.8462770077355845
2019,D.Njoku,TE,CLE,10.1,0.869100459849264
2019,D.Pettis,WR,SF,23.54,0.7873233158572481
2019,De.Walker,TE,TEN,33.5,0.8676229784886847
2019,E.Ebron,TE,IND,55.5,0.7544734539421165
2019,E.Manning,QB,NYG,54.379999999999995,0.8684574071514551
2019,I.Thomas,TE,CAR,19.6,0.8069287917531716
2019,J.Adams,RB,NYJ,1.2,0.8517712764934522
2019,J.Conner,RB,PIT,111.5,0.7984838652565106
2019,J.Driskel,QB,DET,57.1,0.845834703760125
2019,J.Grant,WR,MIA,28.9,0.7949223800285222
2019,J.Heuerman,TE,DEN,17.4,0.8467770301442159
2019,J.Holton,WR,PIT,3.0,0.7296828247535508
2019,J.Howard,RB,PHI,101.4,0.7785715238667009
2019,J.Jackson,RB,LAC,22.2,0.7452133781397677
2019,J.Matthews,TE,PHI,3.3000000000000003,0.7115320728268384
2019,J.Rosen,QB,MIA,17.98,0.8241574113215141
2019,J.Smith-Schuster,WR,PIT,71.2,0.7042335394328897
2019,K.Hunt,RB,CLE,64.4,0.7650831773191247
2019,L.Smith,TE,BUF,9.1,0.7253205138646948
2019,L.Toilolo,TE,SF,1.0,0.7071872456906939
2019,M.Ateman,WR,LV,9.6,0.767748906821513
2019,M.Barkley,QB,BUF,5.96,0.8338279622064451
2019,M.Breida,RB,SF,84.3,0.7208405071417691
2019,M.Crabtree,WR,ARI,2.2,0.7555732849103606
2019,M.Davis,RB,CHI,4.9,0.8438537076030163
2019,M.Goodwin,WR,SF,26.099999999999998,0.7412503465939578
2019,M.Lee,WR,JAX,1.9,0.8250600256643428
2019,M.Mariota,QB,TEN,85.02,0.7524715325017303
2019,M.Stafford,QB,DET,166.56,0.7284778577447542
2019,N.Foles,QB,JAX,37.74,0.7019400120401125
2019,O.Howard,TE,TB,49.9,0.7383690373518718
2019,R.Foster,WR,BUF,9.3,0.7725932042240953
2019,R.Grant,WR,LV,1.4000000000000001,0.7397952522723523
2019,R.Higgins,WR,CLE,11.5,0.8046523329595431
2019,R.Shepard,WR,NYG,2.5,0.7135193861121805
2019,R.Switzer,WR,PIT,2.6999999999999997,0.8014865178842457
2019,S.Barkley,RB,NYG,192.1,0.7157476392537728
2019,S.Shepard,WR,NYG,84.8,0.7556171818797404
2019,S.Ware,RB,KC,7.300000000000001,0.8102046336435049
2019,T.Burton,TE,CHI,8.4,0.8808079599623748
2019,T.Gabriel,WR,CHI,61.3,0.7618828534682419
2019,T.Hilton,WR,IND,80.1,0.8040377545593727
2019,T.Jones,RB,HOU,14.700000000000001,0.7131510819673226
2019,T.Taylor,QB,LAC,6.02,0.7266971939810154
2019,T.Yeldon,RB,BUF,16.7,0.8412286078490585
2019,V.Davis,TE,WAS,18.3,0.7333692411462447
2019,W.Smallwood,RB,WAS,14.5,0.7434166227158154
2019,Z.Zenner,RB,NO,1.7,0.7916293920896184
2020,A.Collins,RB,SEA,20.1,0.8118877415972641
2020,A.Ekeler,RB,LAC,111.3,0.7602097330939896
2020,A.Erickson,WR,CIN,12.600000000000001,0.8163563105349876
2020,A.Hooper,TE,CLE,67.5,0.7289888148235616
2020,A.Humphries,WR,TEN,34.8,0.7075999294727577
2020,A.Jones,RB,GB,211.9,0.7096690675096542
2020,A.Smith,QB,WAS,71.58,0.7360163550934641
2020,A.Tate,WR,CIN,15.0,0.8289831246127864
2020,B.Perriman,WR,NYJ,69.10000000000001,0.808793201316437
2020,C.Beathard,QB,SF,52.28,0.7242496548663467
2020,C.Clement,RB,PHI,16.0,0.7313660059116631
2020,C.Conley,WR,JAX,57.1,0.759315344532564
2020,C.Herndon,TE,NYJ,42.7,0.7747293245770439
2020,C.Hyde,RB,SEA,68.9,0.7658026113628849
2020,C.McCaffrey,RB,CAR,73.4,0.8511835832957247
2020,C.Uzomah,TE,CIN,14.7,0.7559955435179845
2020,D.Bryant,WR,BAL,16.7,0.8106743630980833
2020,D.Fells,TE,HOU,55.2,0.7396592516802936
2020,D.Foreman,RB,TEN,16.0,0.7262644764834097
2020,D.Freeman,RB,NYG,29.0,0.7955773156226391
2020,D.Ogunbowale,RB,JAX,19.9,0.7584636532282194
2020,D.Prescott,QB,DAL,134.64000000000001,0.828944412868986
2020,D.Ratley,WR,NYG,6.3,0.7911101710369424
2020,D.Washington,RB,NO,13.600000000000001,0.7939575713180846
2020,F.Moreau,TE,LV,26.0,0.7452627713588317
2020,G.Kittle,TE,SF,77.10000000000001,0.7993163654629246
2020,G.Minshew,QB,JAX,159.66,0.8692913310214405
2020,J.Arcega-Whiteside,WR,PHI,10.5,0.746989442844404
2020,J.Brissett,QB,IND,20.580000000000002,0.7983184383121308
2020,J.Brown,WR,BUF,63.8,0.7879035651089993
2020,J.Driskel,QB,DEN,30.08,0.7495562572609251
2020,J.Edelman,WR,NE,35.22,0.8420795504106038
2020,J.Flacco,QB,NYJ,54.760000000000005,0.7243667419307016
2020,J.Garoppolo,QB,SF,64.34,0.8601102579489381
2020,J.Howard,RB,MIA,29.7,0.7552050697630007
2020,J.Jones,WR,ATL,95.1,0.7775911437489199
2020,J.Mickens,WR,TB,5.800000000000001,0.7902862850506851
2020,J.Mixon,RB,CIN,78.60000000000001,0.7831466532363086
2020,J.Ross,WR,CIN,1.7,0.8838019454092809
2020,J.Samuels,RB,PIT,7.4,0.7532183377598932
2020,J.Sprinkle,TE,WAS,0.6,0.7688229215788128
2020,J.Thomas,TE,ARI,6.3,0.7553021194534598
2020,J.Watson,WR,TB,9.399999999999999,0.7496545792929561
2020,J.Winston,QB,NO,2.4,0.8438469324408544
2020,K.Golladay,WR,DET,45.8,0.8392981602005247
2020,M.Boone,RB,MIN,12.9,0.8248237284379148
2020,M.Ingram,RB,BAL,46.9,0.7909393548315293
2020,M.Johnson,WR,IND,25.5,0.7393451875349659
2020,M.Rudolph,QB,PIT,18.36,0.883438345981329
2020,M.Trubisky,QB,CHI,153.7,0.76878475609474
2020,N.Boyle,TE,BAL,23.3,0.8097759957129775
2020,O.Beckham,WR,CLE,63.82,0.7034687134937063
2020,O.Howard,TE,TB,26.6,0.7918821638487082
2020,O.Johnson,WR,MIN,20.9,0.81962932546578
2020,P.Cooper,WR,CAR,7.300000000000001,0.8158540795876994
2020,P.Laird,RB,MIA,12.0,0.766877219533383
2020,R.Fitzpatrick,QB,MIA,152.74,0.8546189872223541
2020,R.Freeman,RB,DEN,25.1,0.8300970403544516
2020,R.Mostert,RB,SF,83.7,0.7594517577905421
2020,R.Penny,RB,SEA,3.4,0.808783774369017
2020,S.Anderson,TE,LAC,10.6,0.8684055766057824
2020,S.Barkley,RB,NYG,9.399999999999999,0.7613779650016791
2020,S.Darnold,QB,NYJ,134.02,0.7175501110908642
2020,S.Michel,RB,NE,68.3,0.8851462448388123
2020,S.Roberts,WR,CAR,3.1,0.7919608085871865
2020,S.Sims,WR,WAS,34.3,0.7652305129881217
2020,T.Cannon,RB,CAR,4.9,0.738162977628835
2020,T.Cohen,RB,CHI,11.5,0.8071915759453305
2020,T.Coleman,RB,SF,8.700000000000001,0.8126206549367703
2020,T.Ginn,WR,CHI,4.0,0.8077005591753834
2020,T.Riddick,RB,LV,5.7,0.8135312311883003
2020,T.Sharpe,WR,MIN,0.0,0.8145683279887088
2020,T.Williams,RB,CIN,16.700000000000003,0.7796058601613214
2020,V.Smith,WR,NYJ,1.3,0.8170738928939904
2021,A.Kamara,RB,NO,187.7,0.7796146226806164
2021,A.Miller,WR,HOU,8.5,0.8596004341755852
2021,A.Peterson,RB,TEN,22.6,0.791934792827097
2021,A.Shaheen,TE,MIA,11.0,0.7813850383415004
2021,B.Allen,QB,CIN,13.86,0.8358495324849697
2021,B.Jarwin,TE,DAL,21.6,0.8860345600993044
2021,B.Perriman,WR,TB,22.4,0.8357881832262648
2021,C.Beathard,QB,JAX,1.52,0.7815978672088113
2021,C.Carson,RB,SEA,42.1,0.8887705265257168
2021,C.Davis,WR,NYJ,71.2,0.8895365644163518
2021,C.Edwards-Helaire,RB,KC,98.6,0.872052065359974
2021,C.Herndon,TE,MIN,10.0,0.7570114319768136
2021,C.Keenum,QB,CLE,28.68,0.7736093246514395
2021,C.Newton,QB,CAR,86.36,0.7194561088002882
2021,C.Ridley,WR,ATL,40.1,0.8485908164899655
2021,C.Samuel,WR,WAS,3.8,0.8950039051555114
2021,D.Amendola,WR,HOU,44.8,0.7509371960151785
2021,D.Arnold,TE,CAR,40.8,0.8173902629107161
2021,D.Byrd,WR,CHI,40.9,0.8016258798340381
2021,D.Chark,WR,JAX,27.4,0.8314093104784773
2021,D.Cook,RB,MIN,172.3,0.7765169400359565
2021,D.Fells,TE,DET,4.3,0.8244774551865214
2021,D.Henry,RB,TEN,175.3,0.8627548750664373
2021,D.Hopkins,WR,ARI,105.2,0.7654365538031503
2021,D.Lock,QB,DEN,50.88,0.9016379243060725
2021,D.Parker,WR,MIA,63.5,0.758452103572714
2021,D.Sample,TE,CIN,8.1,0.8513466801746914
2021,D.Waller,TE,LV,78.5,0.8165672265674102
2021,D.Westbrook,WR,MIN,6.8,0.8368411370315002
2021,E.Ebron,TE,PIT,20.5,0.7208303006887706
2021,G.Bernard,RB,TB,36.1,0.7717018970986047
2021,G.Minshew,QB,PHI,33.660000000000004,0.8185662109751237
2021,G.Olszewski,WR,NE,4.0,0.7365503893521645
2021,G.Ward,WR,PHI,27.580000000000002,0.8261740155462843
2021,H.Hurst,TE,ATL,38.1,0.8077211590684727
2021,J.Brown,WR,DEN,0.0,0.804471244677314
2021,J.Flacco,QB,NYJ,23.82,0.7025935489775459
2021,J.Grant,WR,MIA,32.5,0.8225184513199778
2021,J.Hollister,TE,JAX,11.5,0.7885026553427688
2021,J.Jeudy,WR,DEN,47.0,0.7721007350299693
2021,J.Kelley,RB,LAC,12.0,0.8278810824147924
2021,J.Kumerow,WR,BUF,2.8,0.834734066839795
2021,J.McKinnon,RB,KC,22.9,0.8002291567788269
2021,J.McKissic,RB,WAS,84.9,0.8479580441251464
2021,J.Reynolds,WR,TEN,51.6,0.7771866735339406
2021,J.Robinson,RB,JAX,142.9,0.7147276927043422
2021,J.Smith-Schuster,WR,PIT,19.8,0.8246980409844156
2021,J.White,RB,NE,19.2,0.792429770748889
2021,J.Wilson,RB,SF,44.5,0.8611110359394819
2021,K.Ballage,RB,PIT,4.4,0.8400623002184178
2021,K.Cole,WR,NYJ,50.9,0.7390755954264698
2021,K.Drake,RB,LV,72.5,0.7655697124966601
2021,K.Hamler,WR,DEN,7.3999999999999995,0.878288986416265
2021,K.Hunt,RB,CLE,88.0,0.8433943116541921
2021,K.Kirkwood,WR,CAR,1.7,0.8391797898803263
2021,K.Murray,QB,ARI,299.78000000000003,0.7017466733595722
2021,L.Perine,RB,NYJ,3.0999999999999996,0.8397434255958955
2021,L.Thomas,TE,WAS,35.6,0.9007369385636337
2021,M.Gallup,WR,DAL,56.5,0.8110001238569094
2021,M.Mack,RB,IND,10.9,0.9050625001620406
2021,M.Trubisky,QB,BUF,8.120000000000001,0.7569788992572057
2021,M.Valdes-Scantling,WR,GB,61.0,0.8445347018608038
2021,N.Agholor,WR,NE,66.4,0.737385217598179
2021,N.Harry,WR,NE,18.4,0.7936545073233517
2021,P.Dorsett,WR,JAX,11.0,0.8984420246271746
2021,P.Williams,WR,MIA,7.800000000000001,0.8440844618088295
2021,Q.Cephus,WR,DET,34.4,0.8702550585678226
2021,R.Armstead,RB,JAX,9.6,0.7679809630473369
2021,R.Dwelley,TE,SF,11.1,0.8125050822011259
2021,R.Higgins,WR,CLE,33.5,0.724032267652388
2021,R.Tonyan,TE,GB,32.4,0.881997678943245
2021,R.Wilson,QB,SEA,242.82,0.7126145080103018
2021,R.Woods,WR,LA,92.2,0.8374708387189241
2021,S.Ahmed,RB,MIA,26.6,0.7233653879121853
2021,S.Miller,WR,TB,14.1,0.8786005710072318
2021,S.Shepard,WR,NYG,41.7,0.8348239505898343
2021,T.Davis,TE,GB,3.5,0.7539838522845776
2021,T.Siemian,QB,NO,90.16000000000001,0.7286323109096358
2021,W.Fuller,WR,MIA,4.6,0.9073626274074116
2021,W.Gallman,RB,ATL,12.5,0.8908504934050702
2021,W.Snead,WR,LV,3.8,0.7826073175486375
2022,A.Firkser,TE,ATL,10.0,0.7523615482095753
2022,A.Isabella,WR,ARI,2.2,0.8237216289006295
2022,A.Okwuegbunam,TE,DEN,15.5,0.8894208364112351
2022,A.Schwartz,WR,CLE,14.8,0.7451941174475443
2022,B.Bolden,RB,LV,18.3,0.8672805960219796
2022,B.Edwards,WR,ATL,1.5,0.9033245582512063
2022,B.Jordan,TE,HOU,12.8,0.7140966243792463
2022,B.Pringle,WR,CHI,25.5,0.8449202029174059
2022,C.Beasley,WR,TB,3.5,0.8712677419332286
2022,C.Brate,TE,TB,17.4,0.80023863592481
2022,C.Conley,WR,HOU,4.6,0.731413636099471
2022,C.Evans,RB,CIN,9.8,0.783646260163593
2022,C.Kupp,WR,LA,126.4,0.9052772135877178
2022,C.Patterson,RB,ATL,133.7,0.7169708770341633
2022,C.Reynolds,RB,DET,21.8,0.7056960397307958
2022,C.Uzomah,TE,NYJ,35.2,0.7794845180489054
2022,C.Wentz,QB,WAS,112.8,0.7498772369334735
2022,C.Wilson,WR,MIA,14.399999999999999,0.8836090154589518
2022,D.Blough,QB,ARI,18.58,0.8735366988239808
2022,D.Felton,RB,CLE,0.4,0.7687189028908844
2022,D.Goedert,TE,PHI,86.2,0.7841680648150928
2022,D.Harris,RB,NE,73.9,0.8118071104975186
2022,D.Harty,WR,NO,1.3,0.8856442693754972
2022,D.Henderson,RB,LA,56.5,0.8706773570924621
2022,D.Mooney,WR,CHI,61.5,0.8268767715667633
2022,D.Parham,TE,LAC,19.0,0.8383299213191688
2022,D.Samuel,WR,SF,112.39999999999999,0.7780813183217313
2022,D.Waller,TE,LV,56.8,0.7985271125816876
2022,D.Watson,QB,CLE,85.58,0.8554212187780554
2022,D.Williams,RB,ATL,17.299999999999997,0.8716167012319762
2022,E.Mitchell,RB,SF,40.6,0.9237736589525309
2022,E.Moore,WR,NYJ,51.1,0.705970529883998
2022,F.Swain,WR,DEN,7.4,0.9024389272100345
2022,G.Edwards,RB,BAL,59.3,0.7991973495424464
2022,G.Swaim,TE,TEN,11.8,0.7006302471399163
2022,H.Renfrow,WR,LV,43.0,0.8712937680913343
2022,I.Smith,TE,MIN,30.2,0.9012984310298117
2022,I.Smith-Marsette,WR,CHI,-0.6,0.8096007153830546
2022,J.Bates,TE,WAS,16.8,0.7315732641475421
2022,J.Chase,WR,CIN,155.4,0.8302953510053591
2022,J.Crowder,WR,BUF,6.0,0.8810376242190523
2022,J.Deguara,TE,GB,11.4,0.7127491866974265
2022,J.Dobbins,RB,BAL,74.2,0.9151832992232118
2022,J.Guyton,WR,LAC,6.4,0.8465130136499432
2022,J.Jackson,RB,DET,39.1,0.713555781099577
2022,J.Landry,WR,NO,35.2,0.8069111467612803
2022,J.McKissic,RB,WAS,28.8,0.7880873457259118
2022,J.Mixon,RB,CIN,179.5,0.7113858538383275
2022,J.Proche,WR,BAL,4.2,0.7182352501058874
2022,J.Reagor,WR,MIN,18.9,0.7415480332931437
2022,J.Robinson,RB,JAX,77.6,0.7177634778398582
2022,J.Taylor,RB,NE,120.1,0.7978619467456673
2022,J.Wilkins,RB,IND,8.7,0.8636184329727655
2022,J.Winston,QB,NO,43.92,0.7573961702050457
2022,K.Cole,WR,LV,20.1,0.760988422473482
2022,K.Pitts,TE,ATL,47.6,0.8584430943515771
2022,K.Vaughn,RB,TB,7.199999999999999,0.7370934150247354
2022,K.Williams,RB,LA,21.5,0.7211097294068225
2022,L.Humphrey,WR,NE,2.0,0.8601778951459681
2022,L.Treadwell,WR,SEA,4.2,0.9018122672553042
2022,M.Boykin,WR,PIT,1.1,0.9032071212647249
2022,M.Callaway,WR,NO,21.8,0.8307860107195272
2022,M.Gaskin,RB,MIA,5.4,0.9146023458540516
2022,M.Gordon,RB,DEN,62.1,0.7933172441024877
2022,M.Stafford,QB,LA,108.38,0.7689389756786553
2022,N.Foles,QB,IND,1.8,0.8083485657730951
2022,N.Mullens,QB,MIN,11.76,0.8022593727701188
2022,P.Lindsay,RB,IND,8.8,0.7054185730136773
2022,R.Bateman,WR,BAL,38.5,0.8798206197234927
2022,R.Jones,RB,KC,15.2,0.8126793800042266
2022,R.Penny,RB,SEA,48.2,0.9078415018289503
2022,R.Rodgers,TE,LAC,0.4,0.8431686246902796
2022,S.Darnold,QB,CAR,86.32,0.8683839790487071
2022,S.Michel,RB,LAC,15.9,0.8221722263015934
2022,S.Shepard,WR,NYG,21.4,0.7406017154043479
2022,T.Bridgewater,QB,MIA,38.019999999999996,0.793091778283311
2022,T.Coleman,RB,SF,19.0,0.7228703828035082
2022,T.Heinicke,QB,WAS,115.96,0.8889088656275651
2022,T.Hilton,WR,DAL,12.1,0.7870455790080046
2022,T.Homer,RB,SEA,27.1,0.7987780774053782
2022,T.Huntley,QB,BAL,50.019999999999996,0.8514123958191188
2022,T.Lance,QB,SF,12.46,0.8719756132546587
2022,T.Siemian,QB,CHI,10.16,0.84692722690444
2022,T.Smith,WR,NO,33.800000000000004,0.8005051797589188
2022,V.Jefferson,WR,LA,54.9,0.8604428635813257
2022,Z.Ertz,TE,ARI,68.6,0.8083807690728706
2022,Z.Wilson,QB,NYJ,97.92,0.8517628185368507
2023,A.Dalton,QB,CAR,23.64,0.7961188440620297
2023,A.Green,WR,DET,0.2,0.7309099409014125
2023,A.Jones,RB,GB,104.9,0.7210965761650506
2023,A.Lazard,WR,NYJ,37.1,0.7848329564714311
2023,A.Rodgers,QB,NYJ,0.0,0.7645209201223209
2023,B.Skowronek,WR,LA,13.5,0.7379182462408663
2023,B.Wright,TE,DET,15.100000000000001,0.8258991102738809
2023,C.Akers,RB,LA,35.699999999999996,0.9061248956064969
2023,C.Claypool,WR,CHI,13.7,0.7678683719117209
2023,C.Kirk,WR,JAX,93.26,0.8319133951787108
2023,C.Rush,QB,DAL,3.26,0.7791874454433628
2023,C.Watson,WR,GB,73.3,0.8685235988046894
2023,D.Carter,WR,LV,5.7,0.8519099180112717
2023,D.Duvernay,WR,BAL,3.3,0.8735202959129693
2023,D.Foreman,RB,CHI,80.2,0.8728311920231202
2023,D.Gore,RB,WAS,2.5999999999999996,0.8339020255396717
2023,D.Harris,RB,BUF,17.0,0.7699440156449753
2023,D.Henderson,RB,LA,33.5,0.7840876890442516
2023,D.Jackson,RB,IND,-1.0,0.7978390700369353
2023,D.Jones,QB,NYG,56.96,0.8511627967668052
2023,D.Lock,QB,SEA,29.119999999999997,0.7688130821321567
2023,D.Mills,QB,HOU,17.82,0.8828596134205163
2023,D.Peoples-Jones,WR,CLE,15.5,0.8291274189844957
2023,D.Pierce,RB,HOU,69.7,0.7082363052020315
2023,E.Saubert,TE,HOU,1.2,0.798700431428446
2023,E.St. Brown,WR,CHI,6.2,0.8471645615604781
2023,F.Moreau,TE,NO,25.3,0.7523669892282884
2023,G.Brightwell,RB,NYG,6.6,0.7109130677906959
2023,G.Dortch,WR,ARI,40.5,0.7842862066178569
2023,G.Dulcich,TE,DEN,2.5,0.8823569787168449
2023,H.Hurst,TE,CAR,24.4,0.7676229975624588
2023,I.McKenzie,WR,IND,9.6,0.8540656405860629
2023,J.Agnew,WR,JAX,26.3,0.7027588791672256
2023,J.Brissett,QB,WAS,22.86,0.8156061237683437
2023,J.Burrow,QB,CIN,147.16,0.8481452262759049
2023,J.Garoppolo,QB,LV,64.1,0.76389258035642
2023,J.Jacobs,RB,LV,144.1,0.7778760254061615
2023,J.Jefferson,WR,MIN,136.2,0.8131986343794192
2023,J.McKinnon,RB,KC,59.36,0.7663048890582964
2023,J.Nailor,WR,MIN,2.9000000000000004,0.8372866325497672
2023,J.Palmer,WR,LAC,68.7,0.8161575905028271
2023,J.Ross,WR,KC,5.3,0.730081305563433
2023,J.Stidham,QB,DEN,26.64,0.8205085653521819
2023,J.Wilson,RB,MIA,27.299999999999997,0.8851487942978042
2023,K.Cousins,QB,MIN,149.74,0.7927543845434785
2023,K.Drake,RB,BAL,1.1,0.8172218009826848
2023,K.Murray,QB,ARI,146.36,0.7399745518864375
2023,K.Pickett,QB,PIT,110.2,0.764124756901655
2023,L.Fournette,RB,BUF,4.0,0.8361125820350174
2023,L.Shenault,WR,CAR,11.5,0.711578452406657
2023,M.Andrews,TE,BAL,90.4,0.7108222048520674
2023,M.Gordon,RB,BAL,16.7,0.7719202439899756
2023,M.Hardman,WR,NYJ,12.7,0.8287218700407938
2023,M.Hollins,WR,ATL,25.099999999999998,0.8820493648862877
2023,M.Mariota,QB,PHI,11.76,0.8241434324400311
2023,M.Pruitt,TE,ATL,17.0,0.7964196026612943
2023,M.Trubisky,QB,PIT,48.68,0.7261977004154666
2023,M.White,QB,MIA,2.06,0.800398986986402
2023,M.Williams,WR,LAC,31.200000000000003,0.8457631089425631
2023,N.Chubb,RB,CLE,19.1,0.8809295622345532
2023,O.Zaccheaus,WR,PHI,28.400000000000002,0.8200106489461335
2023,P.Campbell,WR,NYG,10.4,0.8680982144136168
2023,P.Dorsett,WR,DEN,0.0,0.7423285058120128
2023,P.Hendershot,TE,DAL,3.8,0.79613209230497
2023,P.Walker,QB,CLE,19.959999999999997,0.7954274564124455
2023,Q.Watkins,WR,PHI,20.200000000000003,0.8039956361651436
2023,R.James,WR,KC,11.4,0.8679657825935715
2023,R.McCloud,WR,SF,16.5,0.7257738621597747
2023,R.Penny,RB,PHI,3.8,0.7752175468805241
2023,R.Stevenson,RB,NE,107.7,0.7767408435066261
2023,R.Tannehill,QB,TEN,80.03999999999999,0.7166330644196808
2023,T.Boyle,QB,NYJ,10.9,0.7826942453653681
2023,T.Burks,WR,TEN,23.9,0.760642659707908
2023,T.Heinicke,QB,ATL,66.0,0.8110905282659925
2023,T.Higgins,WR,CIN,95.60000000000001,0.8193380482970134
2023,T.Huntley,QB,BAL,25.62,0.7302235580807843
2023,T.Marshall,WR,CAR,13.899999999999999,0.7525106781632812
2023,T.Quitoriano,TE,HOU,3.3000000000000003,0.816051035809799
2023,T.Sherfield,WR,BUF,14.600000000000001,0.8298019698297066
2023,W.Dissly,TE,SEA,23.2,0.7122408347991651
2023,Z.Ertz,TE,ARI,24.7,0.7797932576532507
2023,Z.Jones,WR,JAX,44.1,0.8719346035561037
2023,Z.Knight,RB,DET,2.1,0.8250673296378506
2024,A.Beck,FB,GB,0.0,0.8216104537440531
2024,A.O'Connell,QB,LV,93.48,0.8210480611739345
2024,A.Smith,WR,PHI,10.700000000000001,0.7607707222046775
2024,A.Thielen,WR,CAR,91.5,0.7716636490957594
2024,B.Aiyuk,WR,SF,37.4,0.8755194722570914
2024,B.Berrios,WR,MIA,0.0,0.7505608731825183
2024,B.Cooks,WR,DAL,43.6,0.8150570288577079
2024,B.Jordan,TE,HOU,0.7,0.7700950104669911
2024,C.Edwards-Helaire,RB,NO,7.0,0.8680021509435317
2024,C.Godwin,WR,TB,87.8,0.8041098562391307
2024,C.Kirk,WR,JAX,43.9,0.7624008037629618
2024,C.Kmet,TE,CHI,73.4,0.7205890400421034
2024,C.Lamb,WR,DAL,162.4,0.7223476761971332
2024,C.McCaffrey,RB,SF,32.8,0.8063332781861612
2024,C.Olave,WR,NO,44.699999999999996,0.8673634345915189
2024,C.Wentz,QB,KC,4.72,0.837850918217852
2024,D.Carr,QB,NO,150.9,0.8404905746539347
2024,D.Chark,WR,LAC,9.1,0.8798103515762198
2024,D.Foreman,RB,CLE,26.6,0.717301947300209
2024,D.Goedert,TE,PHI,61.599999999999994,0.7268815634118753
2024,D.Kincaid,TE,BUF,56.8,0.7200278260052532
2024,D.Njoku,TE,CLE,84.5,0.8451418771909944
2024,D.Pettis,WR,NO,20.0,0.7703954442493339
2024,D.Pierce,RB,HOU,41.5,0.7093491332872902
2024,D.Prescott,QB,DAL,116.52,0.8926335628534333
2024,D.Ridder,QB,LV,21.92,0.916306779254948
2024,E.Engram,TE,JAX,42.5,0.8630686204081015
2024,G.Davis,WR,JAX,33.9,0.8424586399516873
2024,G.Edwards,RB,LAC,61.1,0.8514167309830221
2024,G.Everett,TE,CHI,3.6,0.8167964904100289
2024,G.Minshew,QB,LV,96.32,0.8048681104470329
2024,I.Hodgins,WR,NYG,1.2,0.7774554563483924
2024,I.Pacheco,RB,KC,44.9,0.8799632198764192
2024,J.Browning,QB,CIN,-0.2,0.90611325470535
2024,J.Dobbs,QB,SF,30.839999999999996,0.9008701448784814
2024,J.Ferguson,TE,DAL,45.4,0.7148362042889274
2024,J.Fields,QB,PIT,119.14,0.7983606472459702
2024,J.Fortson,TE,KC,0.5,0.810149631821196
2024,J.Hasty,RB,NE,18.8,0.8131674350138164
2024,J.Jackson,WR,TEN,0.19999999999999998,0.8430780392246777
2024,J.Reynolds,WR,DEN,25.400000000000002,0.8517974074748033
2024,K.Herbert,RB,CHI,21.5,0.786710769128388
2024,K.Johnson,WR,TB,1.1,0.8803677971046079
2024,K.Miller,RB,NO,24.1,0.7733445913323826
2024,K.Mitchell,RB,BAL,5.8,0.8565196079251775
2024,K.Osborn,WR,NE,11.7,0.8779317842421283
2024,K.Pickett,QB,PHI,25.14,0.8114674284709139
2024,K.Toney,WR,CLE,-0.39999999999999997,0.7793582291785003
2024,K.Walker,RB,SEA,135.2,0.7230145012748287
2024,L.Musgrave,TE,GB,4.5,0.8634183435866689
2024,M.Brown,WR,KC,9.1,0.8464989924395736
2024,M.Carter,RB,ARI,24.8,0.7407269589863813
2024,M.Mayer,TE,LV,15.6,0.7804457190667626
2024,N.Brown,WR,WAS,51.3,0.7560021704919478
2024,N.Collins,WR,HOU,142.6,0.865283647255482
2024,N.Mullens,QB,MIN,1.32,0.8280766284989545
2024,O.Beckham,WR,MIA,5.5,0.7355781969558802
2024,P.Nacua,WR,LA,127.6,0.8761734072738299
2024,R.Bell,WR,SF,2.2,0.7670064540369534
2024,R.Doubs,WR,GB,86.1,0.7542736136433261
2024,R.Mostert,RB,MIA,51.9,0.8075813312792838
2024,R.Rice,WR,KC,40.900000000000006,0.8935921626298964
2024,R.Shaheed,WR,NO,61.8,0.9142750017822863
2024,S.Diggs,WR,HOU,74.92,0.7973135067021815
2024,S.Miller,WR,PIT,6.9,0.798030356387583
2024,S.Moore,WR,KC,0.0,0.7995712799938621
2024,T.Bagent,QB,CHI,-0.26,0.8715346095250571
2024,T.Chandler,RB,MIN,22.4,0.7488520896238319
2024,T.DeVito,QB,NYG,13.48,0.8685975038511755
2024,T.Dell,WR,HOU,89.0,0.7320343827088379
2024,T.Heinicke,QB,LAC,3.12,0.7752760808466884
2024,T.Higbee,TE,LA,18.6,0.8442862031663476
2024,T.Hockenson,TE,MIN,45.5,0.7799097150696055
2024,T.Homer,RB,CHI,3.4000000000000004,0.7137235507191426
2024,T.Hudson,TE,CIN,19.5,0.8381415002375796
2024,T.Irwin,WR,CIN,1.5,0.7902233886226655
2024,T.Jones,RB,ARI,15.6,0.7493841999535397
2024,T.Lawrence,QB,JAX,145.7,0.8179217253925097
2024,T.Palmer,WR,TB,23.2,0.7296969083256384
2024,T.Tagovailoa,QB,MIA,181.57999999999998,0.8247602068764351
2024,T.Taylor,QB,NYJ,21.16,0.8171653885328268
2024,W.Mallory,TE,IND,2.9,0.7387223355517524
2024,X.Gipson,WR,NYJ,10.4,0.7511751823776468
2024,Z.Jones,WR,ARI,8.399999999999999,0.8129176619835984
2024,Z.Moss,RB,CIN,58.9,0.9014166182535125
2024,Z.White,RB,LV,23.3,0.7765762193412449
